Thousand barrels daily,2020,2021,2022,2023
Total World,88928.24443693995,90282.15502930946,94291.82688495905,96376.0647027302
