year,consumption
2020,88928.24443693995
2021,90282.15502930946
2022,94291.82688495905
2023,96376.0647027302